node_id,name,parent_node_id
JAVA:1,Abstract Class,JAVA:119
JAVA:2,Abstract Class,JAVA:579
JAVA:3,Abstract Factory,JAVA:212
JAVA:4,Abstraction,JAVA:610
JAVA:5,Activity Diagram,JAVA:78
JAVA:6,Acyclic Dependency,JAVA:634
JAVA:7,Acyclic Graph,JAVA:320
JAVA:8,Afferent Coupling,JAVA:202
JAVA:10,Aggregation,JAVA:722
JAVA:11,Agile Development,JAVA:775
JAVA:12,Ajax,JAVA:452
JAVA:13,Algorithm Complexity,JAVA:832
JAVA:14,Amazon AWS,JAVA:372
JAVA:15,Angular JS,JAVA:452
JAVA:17,Anonymous Inner Class,JAVA:119
JAVA:18,Ant,JAVA:99
JAVA:19,Ant Tasks,JAVA:18
JAVA:21,AOP,JAVA:836
JAVA:22,Apache Commons Collections,JAVA:523
JAVA:27,Append,JAVA:618
JAVA:28,appengine archetype,JAVA:52
JAVA:50,Appletviewer,JAVA:431
JAVA:51,Appletviewer,JAVA:75
JAVA:53,Architecture Patterns,JAVA:993
JAVA:54,Array,JAVA:624
JAVA:55,Array List,JAVA:532
JAVA:56,Aspect Oriented Programming,JAVA:682
JAVA:57,Assert,JAVA:504
JAVA:58,Association,JAVA:722
JAVA:61,Atomic Integer,JAVA:63
JAVA:62,Atomic Long,JAVA:63
JAVA:63,Atomic Types,JAVA:565
JAVA:64,Attribute,JAVA:982
JAVA:66,Authentication,JAVA:957
JAVA:68,Authorization,JAVA:957
JAVA:69,Autoboxing,JAVA:642
JAVA:72,B-Tree,JAVA:83
JAVA:73,B+ Tree,JAVA:83
JAVA:74,Bag,JAVA:937
JAVA:75,Basic JDK Tools,JAVA:467
JAVA:77,Bean Managed Persistence,JAVA:246
JAVA:78,Behavior Diagram,JAVA:932
JAVA:79,Best Practices,JAVA:828
JAVA:81,Big-O Notation,JAVA:832
JAVA:83,Binary Search,JAVA:831
JAVA:84,Binary Search,JAVA:777
JAVA:85,Binary Search Tree,JAVA:83
JAVA:86,Binding Compiler,JAVA:981
JAVA:87,Bit Array,JAVA:808
JAVA:88,Black Box Testing,JAVA:930
JAVA:89,Blackbox Testing,JAVA:900
JAVA:90,Blocked,JAVA:907
JAVA:91,Bloom Filter,JAVA:808
JAVA:93,Bubble Sort,JAVA:832
JAVA:94,Bug Tracking,JAVA:902
JAVA:95,Bug Tracking,JAVA:900
JAVA:96,Bugfix,JAVA:826
JAVA:97,Bugzilla,JAVA:94
JAVA:98,Build,JAVA:557
JAVA:99,Build and Deployment,JAVA:827
JAVA:100,Build File,JAVA:18
JAVA:102,Build Phases,JAVA:557
JAVA:104,Build Profiles,JAVA:557
JAVA:106,Build Tools,JAVA:99
JAVA:107,Builder,JAVA:212
JAVA:109,Bytecode,JAVA:147
JAVA:110,C Header Generator,JAVA:597
JAVA:111,C++,JAVA:903
JAVA:112,C++,JAVA:681
JAVA:113,C++,JAVA:388
JAVA:114,C++ STL,JAVA:523
JAVA:115,C3PO,JAVA:158
JAVA:116,Cached Thread Pool,JAVA:910
JAVA:119,Class,JAVA:433
JAVA:120,Class,JAVA:579
JAVA:121,Class Diagram,JAVA:859
JAVA:122,Class File,JAVA:147
JAVA:124,Class Level Lock,JAVA:537
JAVA:125,Classpath,JAVA:506
JAVA:126,Clojure,JAVA:512
JAVA:127,Cloud Computing,JAVA:993
JAVA:128,Code Comments,JAVA:444
JAVA:129,Coding Conventions,JAVA:79
JAVA:130,Cohesion,JAVA:211
JAVA:132,Collision,JAVA:329
JAVA:134,Comments,JAVA:433
JAVA:136,Common Closure,JAVA:633
JAVA:137,Common Coupling,JAVA:542
JAVA:138,Common Reuse,JAVA:633
JAVA:139,Communication Diagram,JAVA:402
JAVA:140,Comparable,JAVA:831
JAVA:141,Comparator,JAVA:831
JAVA:143,Compile,JAVA:102
JAVA:147,Compiler,JAVA:681
JAVA:148,Compiler Plugin,JAVA:560
JAVA:149,Component Diagram,JAVA:859
JAVA:151,Composite Structure Diagram,JAVA:859
JAVA:152,Composition,JAVA:722
JAVA:153,Concurrency,JAVA:591
JAVA:154,Concurrent Mark Sweep GC,JAVA:283
JAVA:155,Concurrent Random Numbers,JAVA:565
JAVA:158,Connection Pool,JAVA:189
JAVA:160,Constant,JAVA:13
JAVA:161,Constructor,JAVA:119
JAVA:162,Constructor,JAVA:606
JAVA:163,Container,JAVA:415
JAVA:164,Container Managed Persistence,JAVA:237
JAVA:165,Container Managed Persistence,JAVA:246
JAVA:166,Container Managed Signon,JAVA:237
JAVA:167,Container Managed Transaction,JAVA:237
JAVA:168,Container Managed Transaction,JAVA:503
JAVA:169,Content Coupling,JAVA:542
JAVA:170,Contention,JAVA:153
JAVA:171,Continuous Integration,JAVA:99
JAVA:173,Control Coupling,JAVA:542
JAVA:174,CORBA,JAVA:379
JAVA:175,CORBA,JAVA:620
JAVA:176,CORBA,JAVA:795
JAVA:178,Cryptographic Hash,JAVA:329
JAVA:179,Cuckoo Hash,JAVA:329
JAVA:181,CVS,JAVA:944
JAVA:182,Cyclic Graph,JAVA:320
JAVA:183,Daemon,JAVA:591
JAVA:184,Daemon Thread,JAVA:904
JAVA:185,Data Access,JAVA:680
JAVA:186,Data Coupling,JAVA:542
JAVA:187,Data Structures,JAVA:680
JAVA:188,Database,JAVA:185
JAVA:189,Database Connection,JAVA:188
JAVA:190,Database Index,JAVA:73
JAVA:192,DBCP,JAVA:158
JAVA:193,Deadlock,JAVA:875
JAVA:194,Debugger,JAVA:485
JAVA:195,Decorator,JAVA:212
JAVA:197,Degree of Coupling,JAVA:578
JAVA:198,Delete,JAVA:842
JAVA:199,Dependency Injection,JAVA:212
JAVA:200,Dependency Inversion,JAVA:830
JAVA:201,Dependency Management,JAVA:557
JAVA:202,Dependency Metrics,JAVA:578
JAVA:205,Deployment Descriptor,JAVA:416
JAVA:206,Deployment Diagram,JAVA:859
JAVA:207,Deprecation,JAVA:581
JAVA:208,Dequeue,JAVA:708
JAVA:209,Deserialization,JAVA:794
JAVA:210,Design By Contract,JAVA:211
JAVA:211,Design Guidelines,JAVA:611
JAVA:212,Design Pattern,JAVA:993
JAVA:213,Design Principles,JAVA:611
JAVA:215,DevOps,JAVA:828
JAVA:217,Dictionaries,JAVA:588
JAVA:218,Directed Acyclic Graph,JAVA:320
JAVA:219,Disassembler,JAVA:109
JAVA:220,Disassembler,JAVA:472
JAVA:221,Disassembler,JAVA:122
JAVA:222,Distribution,JAVA:557
JAVA:223,Document,JAVA:102
JAVA:224,Documentation,JAVA:79
JAVA:225,Documentation,JAVA:557
JAVA:226,Double Hashing,JAVA:329
JAVA:227,Double Linked List,JAVA:529
JAVA:228,DTD,JAVA:982
JAVA:229,Durable Subscriber,JAVA:917
JAVA:230,Dynamic Collection,JAVA:532
JAVA:231,Dynamic Collection,JAVA:54
JAVA:232,E-Commerce,JAVA:957
JAVA:233,Ear,JAVA:432
JAVA:234,Ear,JAVA:205
JAVA:235,Eclipse,JAVA:374
JAVA:236,Efferent Coupling,JAVA:202
JAVA:237,EJB Container,JAVA:163
JAVA:238,EJB Context,JAVA:240
JAVA:239,EJB QL,JAVA:240
JAVA:240,EJBs,JAVA:416
JAVA:241,Elastic Capacity,JAVA:127
JAVA:242,Element,JAVA:982
JAVA:243,Encapsulation,JAVA:610
JAVA:246,Entity Beans,JAVA:240
JAVA:247,Enum,JAVA:119
JAVA:248,Enumerator,JAVA:413
JAVA:249,Equals,JAVA:332
JAVA:250,Erlang,JAVA:280
JAVA:251,ESB,JAVA:53
JAVA:252,Estimation,JAVA:828
JAVA:253,Exception,JAVA:433
JAVA:254,Exception Handler,JAVA:253
JAVA:255,Exponential,JAVA:13
JAVA:256,Extreme Programming,JAVA:11
JAVA:261,Factory Method,JAVA:212
JAVA:267,Fields,JAVA:119
JAVA:268,Final,JAVA:581
JAVA:269,Finalizer,JAVA:283
JAVA:270,Finalizer,JAVA:606
JAVA:271,Finally,JAVA:929
JAVA:272,Fixed Thread Pool,JAVA:910
JAVA:273,Force.com,JAVA:631
JAVA:274,Fourth Generation Language,JAVA:903
JAVA:275,Framework,JAVA:440
JAVA:280,Functional Programming,JAVA:682
JAVA:281,GAE SDK Plugin,JAVA:560
JAVA:282,GangOfFour,JAVA:212
JAVA:283,Garbage Collector,JAVA:566
JAVA:284,Generalization,JAVA:722
JAVA:285,Generalization,JAVA:861
JAVA:286,Generational Garbage Collector,JAVA:283
JAVA:287,Generics,JAVA:680
JAVA:288,Git,JAVA:944
JAVA:307,Gmail,JAVA:756
JAVA:308,Go,JAVA:388
JAVA:309,Go,JAVA:903
JAVA:310,Go,JAVA:681
JAVA:313,google appengine,JAVA:631
JAVA:317,Google Guava Collections,JAVA:523
JAVA:319,Governance,JAVA:711
JAVA:320,Graph,JAVA:187
JAVA:321,Graph Database,JAVA:320
JAVA:322,Groovy,JAVA:681
JAVA:323,Groovy,JAVA:388
JAVA:324,Groovy,JAVA:903
JAVA:325,Groovy,JAVA:512
JAVA:328,Hard Reference,JAVA:719
JAVA:329,Hash Code,JAVA:332
JAVA:330,Hash Set,JAVA:332
JAVA:331,Hash Set,JAVA:808
JAVA:332,HashMap,JAVA:588
JAVA:333,Hashtable,JAVA:588
JAVA:334,Haskell,JAVA:540
JAVA:338,Heap,JAVA:708
JAVA:339,Heap,JAVA:566
JAVA:340,Heap Dump,JAVA:564
JAVA:341,HeapSpace,JAVA:338
JAVA:344,Hibernate,JAVA:625
JAVA:363,Home Interface,JAVA:240
JAVA:364,Hopscotch Hash,JAVA:329
JAVA:365,Horizontal Scaling,JAVA:764
JAVA:366,Hotfix,JAVA:826
JAVA:367,HotSpot JVM,JAVA:506
JAVA:369,HTML,JAVA:959
JAVA:370,HTTP,JAVA:959
JAVA:371,HTTPS,JAVA:959
JAVA:372,IaaS,JAVA:127
JAVA:373,IBM J9,JAVA:465
JAVA:374,IDE,JAVA:827
JAVA:375,Identity,JAVA:332
JAVA:377,IDL,JAVA:620
JAVA:379,Idlj,JAVA:740
JAVA:380,Idlj,JAVA:377
JAVA:381,Idlj,JAVA:619
JAVA:382,Ignored Test Case,JAVA:504
JAVA:383,IIOP,JAVA:727
JAVA:385,Immutable,JAVA:386
JAVA:386,Immutable Objects,JAVA:565
JAVA:388,Imperative Programming,JAVA:682
JAVA:390,Inheritance,JAVA:284
JAVA:391,Inheritance,JAVA:610
JAVA:392,Inheritance,JAVA:268
JAVA:393,Inner Class,JAVA:119
JAVA:394,Insert,JAVA:842
JAVA:395,Insert,JAVA:618
JAVA:396,Instability,JAVA:202
JAVA:398,Instance,JAVA:606
JAVA:401,Intellij Idea,JAVA:374
JAVA:402,Interaction Diagram,JAVA:78
JAVA:403,Interface,JAVA:716
JAVA:404,Interface,JAVA:579
JAVA:405,Interface,JAVA:433
JAVA:406,Interface Segregation,JAVA:830
JAVA:407,Interpreted JVM Languages,JAVA:681
JAVA:408,Interpreter,JAVA:407
JAVA:409,Interrupt,JAVA:909
JAVA:410,Intrinsic Lock,JAVA:537
JAVA:411,iPlanet,JAVA:417
JAVA:412,Issue Tracking,JAVA:902
JAVA:413,Iterate,JAVA:618
JAVA:414,Iterator,JAVA:413
JAVA:415,J2EE,JAVA:993
JAVA:416,J2EE Application,JAVA:415
JAVA:417,J2EE Server,JAVA:163
JAVA:418,Jacl,JAVA:407
JAVA:419,Jacl,JAVA:884
JAVA:420,Jar,JAVA:432
JAVA:421,Jar Signature,JAVA:422
JAVA:422,Jarsigner,JAVA:466
JAVA:423,Java,JAVA:834
JAVA:424,Java,JAVA:388
JAVA:425,Java,JAVA:489
JAVA:426,Java,JAVA:512
JAVA:427,Java,JAVA:903
JAVA:428,Java,JAVA:681
JAVA:429,Java,JAVA:506
JAVA:430,Java,JAVA:465
JAVA:431,Java Applets,JAVA:441
JAVA:432,Java Archive,JAVA:415
JAVA:433,Java Classes,JAVA:680
JAVA:434,Java Collections Framework,JAVA:523
JAVA:435,Java Heap Dump Browser,JAVA:340
JAVA:436,Java Policy Files,JAVA:663
JAVA:437,Java Process Status,JAVA:367
JAVA:441,Java Web Start,JAVA:506
JAVA:442,Javac,JAVA:75
JAVA:443,Javac,JAVA:147
JAVA:444,Javadoc,JAVA:134
JAVA:445,Javadoc,JAVA:224
JAVA:446,Javadoc,JAVA:75
JAVA:448,Javah,JAVA:75
JAVA:449,Javah,JAVA:993
JAVA:450,Javap,JAVA:219
JAVA:451,Javap,JAVA:75
JAVA:452,Javascript,JAVA:681
JAVA:453,JavaScript,JAVA:369
JAVA:454,Javascript,JAVA:903
JAVA:455,Javascript,JAVA:388
JAVA:456,Javaws,JAVA:75
JAVA:457,Javaws,JAVA:441
JAVA:458,JAX-WS,JAVA:981
JAVA:459,JAXB,JAVA:981
JAVA:460,JBOSS,JAVA:417
JAVA:461,JConsole,JAVA:583
JAVA:462,Jdb,JAVA:75
JAVA:463,Jdb,JAVA:194
JAVA:464,JDBC,JAVA:185
JAVA:465,JDK,JAVA:467
JAVA:466,JDK Security Tools,JAVA:467
JAVA:467,JDK Tools,JAVA:993
JAVA:468,Jetty,JAVA:963
JAVA:469,Jhat,JAVA:927
JAVA:470,Jhat,JAVA:435
JAVA:471,Jira,JAVA:94
JAVA:472,JIT Compiler,JAVA:147
JAVA:473,Jmap,JAVA:927
JAVA:474,Jmap,JAVA:568
JAVA:475,JMS,JAVA:416
JAVA:476,JMX,JAVA:461
JAVA:477,JNDI,JAVA:416
JAVA:478,JNI,JAVA:110
JAVA:479,Join,JAVA:842
JAVA:480,Join,JAVA:909
JAVA:481,JPA,JAVA:625
JAVA:482,JPA,JAVA:834
JAVA:483,JPA,JAVA:344
JAVA:485,JPDA,JAVA:467
JAVA:486,Jps,JAVA:583
JAVA:487,Jps,JAVA:437
JAVA:488,jQuery,JAVA:452
JAVA:489,JRE,JAVA:506
JAVA:490,JRockit,JAVA:465
JAVA:491,JRuby,JAVA:407
JAVA:492,JRuby,JAVA:751
JAVA:493,JSF,JAVA:958
JAVA:494,JSP,JAVA:958
JAVA:495,JSP,JAVA:369
JAVA:496,Jstack,JAVA:927
JAVA:497,Jstack,JAVA:906
JAVA:498,Jstat,JAVA:583
JAVA:499,Jstat,JAVA:514
JAVA:500,JstatD,JAVA:514
JAVA:501,JstatD,JAVA:583
JAVA:502,JstatD,JAVA:511
JAVA:503,JTA,JAVA:467
JAVA:504,Junit,JAVA:935
JAVA:505,JUNIT,JAVA:935
JAVA:506,JVM,JAVA:408
JAVA:507,JVM,JAVA:367
JAVA:508,JVM,JAVA:512
JAVA:509,JVM,JAVA:109
JAVA:510,JVM,JAVA:946
JAVA:511,JVM Jstat Daemon,JAVA:467
JAVA:512,JVM Languages,JAVA:407
JAVA:513,JVM Languages,JAVA:109
JAVA:514,JVM Statistics,JAVA:367
JAVA:515,Jython,JAVA:699
JAVA:516,Jython,JAVA:407
JAVA:517,Keygen,JAVA:466
JAVA:518,Keystore,JAVA:517
JAVA:523,Libraries,JAVA:187
JAVA:524,Licence Plugin,JAVA:560
JAVA:525,Lightweight Process,JAVA:591
JAVA:526,Linear,JAVA:13
JAVA:527,Linear Probing,JAVA:329
JAVA:528,Linear Search,JAVA:777
JAVA:529,Linked List,JAVA:532
JAVA:530,Liskov Substituion Principle,JAVA:830
JAVA:531,Lisp,JAVA:280
JAVA:532,List,JAVA:624
JAVA:537,Lock,JAVA:875
JAVA:538,Lock Objects,JAVA:537
JAVA:539,Logarithmic,JAVA:13
JAVA:540,Logic Programming,JAVA:274
JAVA:541,Logic Programming,JAVA:682
JAVA:542,Loose Coupling,JAVA:211
JAVA:545,Managed Operations,JAVA:127
JAVA:546,Management Automation,JAVA:127
JAVA:547,Manifest File,JAVA:432
JAVA:551,Map,JAVA:588
JAVA:552,Markup Language,JAVA:903
JAVA:553,Markup Language,JAVA:681
JAVA:554,Markup Language,JAVA:982
JAVA:555,Markup Language,JAVA:388
JAVA:557,Maven,JAVA:99
JAVA:558,Maven,JAVA:669
JAVA:559,Maven Junit Plugin,JAVA:504
JAVA:560,Maven Plugins,JAVA:557
JAVA:561,Maven Repository,JAVA:557
JAVA:564,Memory,JAVA:506
JAVA:565,Memory Consistency Errors,JAVA:170
JAVA:566,Memory Management,JAVA:904
JAVA:567,Memory Management,JAVA:680
JAVA:568,Memory Map,JAVA:340
JAVA:569,Mercurial,JAVA:944
JAVA:570,Mercury,JAVA:540
JAVA:572,Merge Sort,JAVA:832
JAVA:573,Message Driven Beans,JAVA:240
JAVA:574,Message Driven Beans,JAVA:475
JAVA:575,Messaging,JAVA:53
JAVA:576,Metering,JAVA:711
JAVA:577,Methods,JAVA:119
JAVA:578,Metrics,JAVA:542
JAVA:579,Modeling,JAVA:611
JAVA:580,Modeling,JAVA:931
JAVA:581,Modifier,JAVA:577
JAVA:582,Modifier,JAVA:267
JAVA:583,Monitoring Tools,JAVA:927
JAVA:584,Monitoring Tools,JAVA:467
JAVA:585,Multi Processing,JAVA:591
JAVA:586,Multi Tasking,JAVA:591
JAVA:587,MultiDimensional Array,JAVA:54
JAVA:588,Multidimensional Collection,JAVA:187
JAVA:589,MultiMap,JAVA:551
JAVA:590,MultiSet,JAVA:808
JAVA:591,MultiThreading,JAVA:680
JAVA:592,Mutable,JAVA:386
JAVA:593,Mutex,JAVA:875
JAVA:594,MVC,JAVA:53
JAVA:595,N Log N,JAVA:13
JAVA:597,Native Programming,JAVA:478
JAVA:598,Natural Sort Order,JAVA:831
JAVA:599,Netbeans,JAVA:374
JAVA:600,Nightly Builds,JAVA:99
JAVA:602,Normalization,JAVA:211
JAVA:603,Notify,JAVA:909
JAVA:604,NUNIT,JAVA:935
JAVA:605,OAuth,JAVA:66
JAVA:606,Object,JAVA:579
JAVA:607,Object,JAVA:433
JAVA:609,Object Diagram,JAVA:859
JAVA:610,Object Orientation Concepts,JAVA:611
JAVA:611,Object Oriented Design,JAVA:993
JAVA:612,Old Generation,JAVA:286
JAVA:615,Open Close Principle,JAVA:830
JAVA:616,Open Source Components,JAVA:827
JAVA:617,OpenJDK,JAVA:465
JAVA:618,Operations on Collections,JAVA:532
JAVA:619,ORB,JAVA:729
JAVA:620,orbd,JAVA:740
JAVA:621,orbd,JAVA:619
JAVA:624,Ordered Collection,JAVA:187
JAVA:625,ORM,JAVA:464
JAVA:626,ORM,JAVA:185
JAVA:629,Out Of Memory Error,JAVA:341
JAVA:630,Out Of Memory Error,JAVA:848
JAVA:631,PaaS,JAVA:127
JAVA:633,Package Cohesion Principle,JAVA:213
JAVA:634,Package Coupling Principle,JAVA:213
JAVA:635,Package Diagram,JAVA:859
JAVA:637,Parallel GC,JAVA:283
JAVA:638,Parameterized Test,JAVA:504
JAVA:639,Parameters,JAVA:267
JAVA:640,Parameters,JAVA:207
JAVA:641,Parameters,JAVA:577
JAVA:642,Pass By Reference,JAVA:639
JAVA:643,Pass By Reference,JAVA:719
JAVA:644,Pass By Value,JAVA:639
JAVA:645,Patch,JAVA:826
JAVA:646,Pay Per Use,JAVA:127
JAVA:647,Peek,JAVA:708
JAVA:648,Peek,JAVA:618
JAVA:649,Peek,JAVA:845
JAVA:651,Perfect Hash Function,JAVA:329
JAVA:652,Permanent Generation,JAVA:286
JAVA:653,PermGenSpace,JAVA:652
JAVA:654,PermGenSpace,JAVA:341
JAVA:656,PHP,JAVA:681
JAVA:657,PHP,JAVA:388
JAVA:658,PHP,JAVA:903
JAVA:660,Pipes and Filter,JAVA:53
JAVA:662,Pointer,JAVA:719
JAVA:663,Policytool,JAVA:466
JAVA:664,Polylogarithmic,JAVA:526
JAVA:666,Polymorphism,JAVA:284
JAVA:667,Polymorphism,JAVA:610
JAVA:668,Polynomial,JAVA:13
JAVA:669,POM,JAVA:557
JAVA:670,POM,JAVA:557
JAVA:671,Pop,JAVA:618
JAVA:672,Pop,JAVA:845
JAVA:673,Pop,JAVA:708
JAVA:675,Primitive Types,JAVA:644
JAVA:676,Primitive Types,JAVA:69
JAVA:677,Primitive Types,JAVA:433
JAVA:678,Priority Queue,JAVA:708
JAVA:679,Private,JAVA:581
JAVA:680,Programming in Java,JAVA:993
JAVA:681,Programming Language,JAVA:993
JAVA:682,Programming Paradigm,JAVA:993
JAVA:684,Project Object Model,JAVA:557
JAVA:686,Prolog,JAVA:540
JAVA:687,Properties,JAVA:588
JAVA:688,Property Graph,JAVA:320
JAVA:689,Protected,JAVA:581
JAVA:691,Provisioning,JAVA:127
JAVA:692,Proxy,JAVA:212
JAVA:693,Pub Sub,JAVA:53
JAVA:694,Public,JAVA:581
JAVA:695,Publisher,JAVA:917
JAVA:696,Push,JAVA:618
JAVA:697,Push,JAVA:845
JAVA:698,Push,JAVA:708
JAVA:699,Python,JAVA:388
JAVA:700,Python,JAVA:903
JAVA:701,Python,JAVA:681
JAVA:703,Quadratic,JAVA:13
JAVA:704,Quadratic Probing,JAVA:329
JAVA:705,Quality Engineering,JAVA:828
JAVA:708,Queue,JAVA:475
JAVA:709,Queue,JAVA:624
JAVA:710,Quick Sort,JAVA:832
JAVA:711,Quota,JAVA:127
JAVA:713,Race Condition,JAVA:153
JAVA:714,Rackspace,JAVA:372
JAVA:715,Radix Tree,JAVA:777
JAVA:716,Realization,JAVA:722
JAVA:717,Receiver,JAVA:708
JAVA:718,Refactoring,JAVA:211
JAVA:719,Reference,JAVA:566
JAVA:720,Regression Testing,JAVA:900
JAVA:721,Regression Testing,JAVA:930
JAVA:722,Relationships,JAVA:579
JAVA:723,Release Management,JAVA:557
JAVA:727,Remote Interface,JAVA:240
JAVA:728,Remote Object Registry,JAVA:746
JAVA:729,Remote Procedure Call,JAVA:680
JAVA:730,Remove,JAVA:618
JAVA:731,Reporting,JAVA:557
JAVA:732,Repository,JAVA:944
JAVA:733,REST,JAVA:967
JAVA:734,Return,JAVA:639
JAVA:735,Reuse/Release Equivalence,JAVA:633
JAVA:736,Rhino,JAVA:452
JAVA:737,Rhino,JAVA:407
JAVA:738,RMI,JAVA:727
JAVA:739,RMI Daemon,JAVA:183
JAVA:740,RMI Tools,JAVA:467
JAVA:741,Rmic,JAVA:738
JAVA:742,Rmic,JAVA:740
JAVA:743,Rmic,JAVA:860
JAVA:744,Rmid,JAVA:740
JAVA:745,Rmid,JAVA:739
JAVA:746,Rmiregistry,JAVA:740
JAVA:751,Ruby,JAVA:681
JAVA:752,Ruby,JAVA:388
JAVA:753,Ruby,JAVA:903
JAVA:754,Runnable,JAVA:904
JAVA:755,Runnable State,JAVA:907
JAVA:756,SaaS,JAVA:127
JAVA:758,Salesforce.com,JAVA:273
JAVA:759,Salesforce.com,JAVA:756
JAVA:760,Sar,JAVA:432
JAVA:761,Sar,JAVA:205
JAVA:762,Scala,JAVA:280
JAVA:763,Scala,JAVA:512
JAVA:764,Scale Out,JAVA:947
JAVA:765,Scale Up,JAVA:947
JAVA:766,Scheduled Thread Pool,JAVA:910
JAVA:767,Schema Generator,JAVA:459
JAVA:768,Schema Generator,JAVA:986
JAVA:769,Schemagen,JAVA:966
JAVA:770,Schemagen,JAVA:767
JAVA:772,Scheme,JAVA:280
JAVA:773,SCM,JAVA:557
JAVA:774,Scrum,JAVA:11
JAVA:775,SDLC,JAVA:828
JAVA:776,Search,JAVA:618
JAVA:777,Search Algorithms,JAVA:776
JAVA:778,Security,JAVA:957
JAVA:779,Security Certificate,JAVA:517
JAVA:780,Select,JAVA:842
JAVA:781,Selection Sort,JAVA:832
JAVA:782,Self Balancing Binary Search Tree,JAVA:83
JAVA:783,Self Service Provisioning,JAVA:127
JAVA:784,Semaphore,JAVA:875
JAVA:785,Sender,JAVA:708
JAVA:786,Sequence Diagram,JAVA:402
JAVA:788,Sequences,JAVA:624
JAVA:789,Serial GC,JAVA:283
JAVA:790,Serializable,JAVA:729
JAVA:791,Serialization,JAVA:794
JAVA:792,Serialver,JAVA:794
JAVA:793,Serialver,JAVA:740
JAVA:794,SerialVersionUID,JAVA:790
JAVA:795,servertool,JAVA:619
JAVA:796,servertool,JAVA:740
JAVA:797,servertool,JAVA:377
JAVA:798,Servlet,JAVA:369
JAVA:799,Servlet,JAVA:958
JAVA:800,Servlet Container,JAVA:163
JAVA:801,Session Beans,JAVA:240
JAVA:803,Session Facade Design Pattern,JAVA:853
JAVA:804,Session Facade Design Pattern,JAVA:854
JAVA:808,Set,JAVA:937
JAVA:810,Shared Memory,JAVA:568
JAVA:813,Simplicity,JAVA:211
JAVA:814,Single Dimensional Array,JAVA:54
JAVA:815,Single Responsibility,JAVA:830
JAVA:817,Single Thread Executor,JAVA:910
JAVA:818,Singleton,JAVA:212
JAVA:821,Skeleton Class,JAVA:741
JAVA:823,SOA,JAVA:53
JAVA:824,SOAP,JAVA:967
JAVA:825,Soft Reference,JAVA:719
JAVA:826,Software Bug,JAVA:829
JAVA:827,Software Development,JAVA:828
JAVA:828,Software Engineering,JAVA:993
JAVA:829,Software Testing,JAVA:993
JAVA:830,SOLID Principle,JAVA:213
JAVA:831,Sort,JAVA:618
JAVA:832,Sort Algorithms,JAVA:831
JAVA:833,Sorted Set,JAVA:808
JAVA:834,Specification,JAVA:415
JAVA:835,Spring Batch,JAVA:836
JAVA:836,Spring Framework,JAVA:199
JAVA:837,Spring Framework,JAVA:993
JAVA:838,Spring Framework,JAVA:56
JAVA:839,Spring JDBC Template,JAVA:836
JAVA:840,Spring MVC,JAVA:836
JAVA:841,SQL,JAVA:185
JAVA:842,SQL Query,JAVA:841
JAVA:843,Stable Abstraction,JAVA:634
JAVA:844,Stable Dependency,JAVA:634
JAVA:845,Stack,JAVA:624
JAVA:846,Stack,JAVA:566
JAVA:847,Stack Trace,JAVA:496
JAVA:848,StackOverflowError,JAVA:845
JAVA:849,Stamp Coupling,JAVA:542
JAVA:851,Starvation,JAVA:170
JAVA:852,State,JAVA:386
JAVA:853,Stateful Session Beans,JAVA:801
JAVA:854,Stateless Session Beans,JAVA:801
JAVA:855,Statemachine Diagram,JAVA:78
JAVA:856,Static,JAVA:581
JAVA:857,Static Collection,JAVA:54
JAVA:858,Static Collection,JAVA:532
JAVA:859,Structural Diagram,JAVA:932
JAVA:860,Stubs,JAVA:741
JAVA:861,Subclass,JAVA:284
JAVA:863,Subscriber,JAVA:917
JAVA:866,Superclass,JAVA:284
JAVA:868,Survivor Generation,JAVA:286
JAVA:869,SVN,JAVA:944
JAVA:875,Synchronization,JAVA:591
JAVA:876,Synchronized,JAVA:333
JAVA:877,Synchronized,JAVA:943
JAVA:882,Task Queue,JAVA:910
JAVA:884,Tcl,JAVA:681
JAVA:885,Tenured Generation,JAVA:286
JAVA:886,Terminated,JAVA:907
JAVA:888,Test Case,JAVA:898
JAVA:889,Test Case Setup,JAVA:504
JAVA:890,Test Case TearDown,JAVA:504
JAVA:892,Test Driven Development,JAVA:935
JAVA:893,Test Driven Development,JAVA:79
JAVA:894,Test NG,JAVA:935
JAVA:895,Test Plan,JAVA:902
JAVA:896,Test Result,JAVA:902
JAVA:897,Test Runner,JAVA:504
JAVA:898,Test Scenario,JAVA:902
JAVA:899,Test Suite,JAVA:935
JAVA:900,Testing,JAVA:827
JAVA:901,Testing,JAVA:705
JAVA:902,Testing Process,JAVA:829
JAVA:903,Third Generation Language,JAVA:681
JAVA:904,Thread,JAVA:591
JAVA:905,Thread,JAVA:525
JAVA:906,Thread Dump,JAVA:253
JAVA:907,Thread Lifecycle,JAVA:904
JAVA:908,Thread Local Storage,JAVA:566
JAVA:909,Thread Operations,JAVA:904
JAVA:910,Thread Pool,JAVA:591
JAVA:911,Thread Priority,JAVA:904
JAVA:912,Thread Safety,JAVA:943
JAVA:913,Timed Waiting,JAVA:907
JAVA:914,Timer Task,JAVA:904
JAVA:915,Timing Diagram,JAVA:402
JAVA:916,Tomcat,JAVA:963
JAVA:917,Topic,JAVA:475
JAVA:918,TopLink,JAVA:625
JAVA:920,Transaction,JAVA:167
JAVA:921,Transaction Isolation Level,JAVA:167
JAVA:925,Tree Set,JAVA:833
JAVA:926,Trie,JAVA:777
JAVA:927,Troubleshooting Tools,JAVA:467
JAVA:929,Try Catch,JAVA:253
JAVA:930,Types of Testing,JAVA:829
JAVA:931,UML,JAVA:993
JAVA:932,UML Diagram,JAVA:931
JAVA:934,Unit Test Case,JAVA:935
JAVA:935,Unit Testing,JAVA:900
JAVA:936,Unit Testing,JAVA:930
JAVA:937,Unordered Collection,JAVA:187
JAVA:938,Update,JAVA:842
JAVA:941,Use Case Diagram,JAVA:78
JAVA:942,Utility Pricing,JAVA:646
JAVA:943,Vector,JAVA:532
JAVA:944,Version Control,JAVA:827
JAVA:945,Vertical Scaling,JAVA:765
JAVA:946,Virtual Machine,JAVA:506
JAVA:947,Virtualization,JAVA:241
JAVA:948,VMWare,JAVA:372
JAVA:949,Volatile,JAVA:566
JAVA:950,Volatile,JAVA:565
JAVA:951,Wait,JAVA:909
JAVA:952,Waiting,JAVA:907
JAVA:953,War,JAVA:432
JAVA:954,War,JAVA:205
JAVA:955,Waterfall,JAVA:775
JAVA:956,Weak Reference,JAVA:719
JAVA:957,Web App,JAVA:959
JAVA:958,Web Application,JAVA:415
JAVA:959,Web Application Development,JAVA:993
JAVA:961,Web Container,JAVA:957
JAVA:962,Web Container,JAVA:163
JAVA:963,Web Server,JAVA:163
JAVA:964,Web Server,JAVA:957
JAVA:965,Web Service,JAVA:958
JAVA:966,Web Service Tools,JAVA:467
JAVA:967,Web Services,JAVA:959
JAVA:968,Weblogic,JAVA:417
JAVA:969,Websphere,JAVA:417
JAVA:970,White Box Testing,JAVA:930
JAVA:971,Whitebox Testing,JAVA:900
JAVA:972,Windows Azure,JAVA:631
JAVA:975,WSDL,JAVA:967
JAVA:976,WSDL Generator,JAVA:458
JAVA:977,Wsgen,JAVA:966
JAVA:978,Wsgen,JAVA:976
JAVA:979,Wsimport,JAVA:458
JAVA:980,Wsimport,JAVA:966
JAVA:981,Xjc,JAVA:966
JAVA:982,XML,JAVA:681
JAVA:983,XML Binding,JAVA:981
JAVA:984,XML Schema,JAVA:982
JAVA:985,XPath,JAVA:984
JAVA:986,XSD,JAVA:984
JAVA:987,XSL,JAVA:984
JAVA:988,XSLT,JAVA:984
JAVA:989,Yahoo Mail,JAVA:756
JAVA:990,Yield,JAVA:909
JAVA:991,Young Generation,JAVA:286
JAVA:992,Zoho,JAVA:756
JAVA:993,Java,JAVA:440
JAVA:994,Sets,JAVA:443
JAVA:995,Lists,JAVA:443
JAVA:996,Maps,JAVA:443
JAVA:997,LinkedHashSet,JAVA:994
JAVA:998,SortedSet,JAVA:994
JAVA:999,Tree Set,JAVA:994
JAVA:1000,EnumSet,JAVA:994
JAVA:1001,HashSet,JAVA:994
JAVA:1002,Comparable,JAVA:995
JAVA:1003,Comparator,JAVA:995
JAVA:1004,Vector,JAVA:995
JAVA:1005,ArrayList,JAVA:995
JAVA:1006,LinkedList,JAVA:995
JAVA:1007,Stack,JAVA:995
JAVA:1008,HashMap,JAVA:996
JAVA:1009,TreeMap,JAVA:996
JAVA:1010,LinkedHashMap,JAVA:996
JAVA:1011,hashtable,JAVA:996
JAVA:1012,EnumMap,JAVA:996
JAVA:1013,IdentityHashMap,JAVA:996
JAVA:1014,WeakHashMap,JAVA:996
JAVA:1015,NavigableMap,JAVA:996
JAVA:1016,Language Basics,JAVA:993
JAVA:1017,Arrays,JAVA:1016
JAVA:1018,DataTypes,JAVA:1016
JAVA:1019,Operators,JAVA:1016
JAVA:1020,Loops,JAVA:1016
JAVA:1021,Conditional Statements,JAVA:1016
JAVA:1022,Single Dimensional,JAVA:1017
JAVA:1023,Multi Dimensional,JAVA:1017
JAVA:1024,Boolean,JAVA:1018
JAVA:1025,Interger,JAVA:1018
JAVA:1026,Floating Points,JAVA:1018
JAVA:1027,Char,JAVA:1018
JAVA:1028,String,JAVA:1018
JAVA:1029,Bitwise,JAVA:1019
JAVA:1030,Relational,JAVA:1019
JAVA:1031,Arithmetic,JAVA:1019
JAVA:1032,Assignment,JAVA:1019
JAVA:1033,Unary,JAVA:1019
JAVA:1034,Equality,JAVA:1019
JAVA:1035,Conditional,JAVA:1019
JAVA:1036,Bit Shift,JAVA:1019
JAVA:1037,For Loop,JAVA:1020
JAVA:1038,Do While,JAVA:1020
JAVA:1039,Enhanced For Loop,JAVA:1020
JAVA:1040,While,JAVA:1020
JAVA:1041,If-else Statement,JAVA:1021
JAVA:1042,If Statement,JAVA:1021
JAVA:1043,Switch Statement,JAVA:1021
JAVA:1044,Nested Ifs,JAVA:1021
JAVA:1045,For Statement,JAVA:1021
